year_month,avg_TotalAdv
2017-09,216918.03075847522
2018-06,291569.3923515138
2018-03,287996.7933211676
2017-03,285326.8242750386
2016-12,322914.4830631481
2017-06,282092.5160564094
2017-12,283586.74650776153