{
  "coefficients": {
    "Age": -0.04640966252268333,
    "CAD": 0.8267109006816475,
    "CADU": 0.4098330760263173,
    "UsedRv": 0.014867701686287586,
    "Product": -0.03810610203318414,
    "TotOsNF": -0.02772022683403918,
    "AdhocAmt": 0.004095485021621315,
    "InttRate": 0.037043847923030206,
    "InttType": 0.028637276473892633,
    "TotalAdv": 0.041856272903893675,
    "AppGovGur": -0.007028110054282301,
    "CURQTRINT": -0.0040120029938859976,
    "GLProduct": 0.0773215905513926,
    "PRVQTRINT": 0.03214533224476117,
    "RvPrimary": -0.008856910376358917,
    "Unsecured": 0.0019897825836610876,
    "TotLimitNF": -0.0066132298626571575,
    "CoverGovGur": 0.14072336036907204,
    "DepValPlant": 0.0014420052084887175,
    "ACCTotalProv": -0.0008921884621575991,
    "CURRENTLIMIT": -0.05535899724246698,
    "CurQtrCredit": -0.007115596819670192,
    "DRAWINGPOWER": 0.01672212688717762,
    "PREQTRCREDIT": 0.014656961632113446,
    "UnAdjSubSidy": 0.001150888820935131,
    "UnappliedInt": 0.004609880488552639,
    "ProvUnsecured": 1.2260516536041042,
    "TotalWriteOff": 0.06750546634896272,
    "AppropriatedRv": 0.0032003475175584536,
    "OrgCostOfEquip": 0.006431315515091864,
    "TotLimitFunded": 0.02881764074145055,
    "PriCashSecurity": 0.14102639079815465,
    "CollCashSecurity": -0.0013567112995874417,
    "CollNonCRMSecurity": 0.0016383525363892258,
    "OrgCostOfPlantMech": 0.03150808538092157,
    "Principal": 0.011280621988096528,
    "ResidualExposure": -0.008329870734334622,
    "LimitSanctioned": 0.0025510181304213603,
    "Balance": 0.009366029782258993,
    "FstInstallDt_unix": -0.3580721036935417,
    "ProcessingDt_unix": -0.34907014372509687,
    "NpaDt_unix": -1.412611355254462,
    "DtofFirstDisb_unix": -0.07582884133721451,
    "GL_mean_encoding": 1.2137869208273488,
    "Area_mean_encoding": -0.17852412873570486,
    "Caste_mean_encoding": 1.6625569354622227,
    "Scheme_mean_encoding": 1.16726128692458,
    "Activity_mean_encoding": 1.843519956500839,
    "District_mean_encoding": 2.020619918409795,
    "Religion_mean_encoding": -0.06527807261407831,
    "SubSector_mean_encoding": 0.1488701026313331,
    "Occupation_mean_encoding": -0.23648228145233702,
    "FORMATGROUP_mean_encoding": -3.5205806321218054,
    "Constitution_mean_encoding": -0.6482578804251498,
    "FACILITYTYPE_mean_encoding": 4.5470890947251235,
    "CUSTOMERSTATUS_mean_encoding": -6.269506746505941,
    "FACILITIESSTATUS_mean_encoding": 8.286481190043707,
    "RepayMode_mean_encoding": -1.5323615569076035,
    "idyr_mean_encoding": 12.712948759892813,
    "NoOfInstall_mean_encoding": 1.6833586739753275,
    "Cust_AssetClass_mean_encoding": 6.822443075231283,
    "BaselCatMark_mean_encoding": 1.481585753805384
  },
  "intercept": 18.098169995333496
}