{
  "coefficients": {
    "Age": 0.007334711408016286,
    "CAD": 0.09215409946703726,
    "CADU": 0.023263809742500644,
    "UsedRv": -0.04184912664799601,
    "Balance": 0.02907519282036876,
    "Product": 0.018941042092900585,
    "TotOsNF": -0.00913752101725707,
    "AdhocAmt": 0.24481880566018496,
    "InttRate": 0.16906149065842063,
    "InttType": -0.10094743869288511,
    "TotalAdv": 0.028126001377054108,
    "AppGovGur": -8.982983117788514,
    "CURQTRINT": 0.02932360536041384,
    "GLProduct": 0.11883351842453477,
    "PRVQTRINT": 2.466883900932704,
    "RvPrimary": -2.2515399634208215,
    "Unsecured": -0.029301795999820465,
    "TotLimitNF": 0.0006756923704771139,
    "CoverGovGur": 0.04928413988167166,
    "DepValPlant": 0.0025691363772633717,
    "ACCTotalProv": 0.10153139837770564,
    "BaselCatMark": 1.1921899960476523,
    "CURRENTLIMIT": -0.07217809340695755,
    "CurQtrCredit": -3.136134026959363,
    "DRAWINGPOWER": 0.010905945430534228,
    "PREQTRCREDIT": -0.001671372601728203,
    "UnAdjSubSidy": -0.012829555436518982,
    "UnappliedInt": 3.179208822192761,
    "ProvUnsecured": -0.015849460927905023,
    "TotalWriteOff": 2.0765447262472616,
    "AppropriatedRv": -1.6762109645830097,
    "OrgCostOfEquip": 0.0035025091620728716,
    "TotLimitFunded": -0.013764430003675977,
    "Cust_AssetClass": 0.686692939141861,
    "LimitSanctioned": -0.007030642700063333,
    "PriCashSecurity": 0.013808906400493808,
    "CollCashSecurity": 0.007003995548154617,
    "CollNonCRMSecurity": 0.0010578628199620888,
    "OrgCostOfPlantMech": 0.010160434524553303,
    "GL_mean_encoding": 1.9111625030591772,
    "Area_mean_encoding": -2.423001410807236,
    "Caste_mean_encoding": 2.4261860036112357,
    "Scheme_mean_encoding": 1.0147714570126767,
    "Activity_mean_encoding": 1.4434866556735295,
    "District_mean_encoding": 2.7826869215156878,
    "Religion_mean_encoding": 0.22862785862148088,
    "SubSector_mean_encoding": -1.761320737317392,
    "Occupation_mean_encoding": 0.5317113509456003,
    "FORMATGROUP_mean_encoding": -3.629172982451712,
    "Constitution_mean_encoding": -0.6573049315752529,
    "FACILITYTYPE_mean_encoding": 1.4186772316973768,
    "CUSTOMERSTATUS_mean_encoding": 2.351752220908971,
    "FACILITIESSTATUS_mean_encoding": -0.5861480349270948
  },
  "intercept": -5.35917263232418
}