{"Age": 10.854088024466451, "CAD": 11954396.716738587, "CADU": 10596287.356426427, "UsedRv": 21543714.127840515, "Product": 276.7597856413288, "TotOsNF": 21058471.51729916, "AdhocAmt": 179112.19527025174, "InttRate": 3.2479418823118995, "InttType": 3.430707420887765, "TotalAdv": 134661494.6174316, "AppGovGur": 122276.92726993581, "CURQTRINT": 215466.10380153017, "GLProduct": 123.14620630580853, "PRVQTRINT": 14216606.513335545, "RvPrimary": 1052654990.2576435, "Unsecured": 14430398.79328674, "TotLimitNF": 518432.1847238451, "CoverGovGur": 730096.2455064117, "DepValPlant": 137259613.17288986, "ACCTotalProv": 13599357.142206188, "CURRENTLIMIT": 36511330.804910615, "CurQtrCredit": 2617143.9477361874, "DRAWINGPOWER": 132294933479.22342, "PREQTRCREDIT": 15395076.83608528, "UnAdjSubSidy": 252641.59004022117, "UnappliedInt": 99777532.65193745, "ProvUnsecured": 8883785.78577116, "TotalWriteOff": 99245711.81077433, "AppropriatedRv": 274430463.2296092, "OrgCostOfEquip": 503641930.11567724, "TotLimitFunded": 139777651.29900262, "PriCashSecurity": 97306746.21212457, "CollCashSecurity": 2847484.583434069, "CollNonCRMSecurity": 500635484.71522826, "OrgCostOfPlantMech": 2168028958.5003324, "Principal": 31841552.16324704, "ResidualExposure": 16895946.378848616, "LimitSanctioned": 60543245.94471261, "Balance": 32973631.36175252, "FstInstallDt_unix": 125311651.08370417, "ProcessingDt_unix": 27449459.914134096, "NpaDt_unix": 119044951.11611317, "DtofFirstDisb_unix": 74195465.1498634}